Data pomiaru,Kierunek,Data kursu,Godzina,Wąskie gardło (odcinek),Wolne miejsca (min),Balice -> Katowice,Balice -> Krakow,Gliwice -> Katowice,Gliwice -> Wroclaw,Katowice -> Balice,Katowice -> Gliwice,Krakow -> Balice,Krakow -> Rzeszow,Niebylec -> Rzeszow,Niebylec -> Sanok,Rzeszow -> Krakow,Rzeszow -> Niebylec,Sanok -> Niebylec,Wroclaw -> Gliwice
2026-09-30 12:04:28,Sanok ➔ Wrocław,30.09.2026,23:50,Niebylec -> Rzeszow,0,0,,,0,,0,0,,0,,0,,42,
2026-09-30 12:04:28,Wrocław ➔ Sanok,30.09.2026,15:35,Krakow -> Rzeszow,43,,50,47,,44,,,43,,50,,49,,50
2026-09-30 12:04:28,Wrocław ➔ Sanok,30.09.2026,22:25,Gliwice -> Katowice,0,,0,0,,0,,,0,,0,,0,,50
2026-09-30 12:04:28,Sanok ➔ Wrocław,01.10.2026,03:00,Rzeszow -> Krakow,41,50,,,50,,50,44,,50,,41,,50,
2026-09-30 12:04:28,Sanok ➔ Wrocław,01.10.2026,06:35,Rzeszow -> Krakow,45,50,,,50,,50,50,,50,,45,,50,
2026-09-30 12:04:28,Sanok ➔ Wrocław,01.10.2026,10:10,Rzeszow -> Krakow,42,50,,,50,,50,50,,50,,42,,50,
2026-09-30 12:04:28,Sanok ➔ Wrocław,01.10.2026,23:50,Niebylec -> Rzeszow,41,70,,,70,,70,50,,41,,50,,50,
2026-09-30 12:04:28,Wrocław ➔ Sanok,01.10.2026,07:45,Rzeszow -> Niebylec,50,,70,70,,70,,,70,,50,,50,,70
2026-09-30 12:04:28,Wrocław ➔ Sanok,01.10.2026,12:00,Krakow -> Rzeszow,32,,35,50,,42,,,32,,50,,50,,50
2026-09-30 12:04:28,Wrocław ➔ Sanok,01.10.2026,15:35,Krakow -> Rzeszow,44,,50,50,,50,,,44,,50,,50,,50
2026-09-30 12:04:28,Wrocław ➔ Sanok,01.10.2026,22:25,Niebylec -> Sanok,0,,42,50,,50,,,37,,0,,50,,50
2026-09-30 12:04:28,Sanok ➔ Wrocław,02.10.2026,03:00,Krakow -> Balice,47,50,,,50,,50,47,,50,,50,,50,
2026-09-30 12:04:28,Sanok ➔ Wrocław,02.10.2026,06:35,Rzeszow -> Krakow,47,50,,,50,,50,50,,70,,47,,70,
2026-09-30 12:04:28,Sanok ➔ Wrocław,02.10.2026,10:10,Niebylec -> Rzeszow,38,50,,,50,,50,50,,38,,50,,39,
2026-09-30 12:04:28,Sanok ➔ Wrocław,02.10.2026,23:50,Rzeszow -> Krakow,45,50,,,50,,50,46,,50,,45,,50,
2026-09-30 12:04:28,Wrocław ➔ Sanok,02.10.2026,07:45,Wroclaw -> Gliwice,50,,50,50,,50,,,50,,50,,50,,50
2026-09-30 12:04:28,Wrocław ➔ Sanok,02.10.2026,12:00,Krakow -> Rzeszow,48,,50,50,,50,,,48,,50,,50,,50
2026-09-30 12:04:28,Wrocław ➔ Sanok,02.10.2026,15:35,Wroclaw -> Gliwice,50,,50,50,,50,,,50,,70,,70,,50
2026-09-30 12:04:28,Wrocław ➔ Sanok,02.10.2026,22:25,Niebylec -> Sanok,0,,39,50,,50,,,33,,0,,50,,50
2026-09-30 12:04:28,Sanok ➔ Wrocław,03.10.2026,03:00,Sanok -> Niebylec,50,50,,,50,,50,50,,50,,50,,50,
2026-09-30 12:04:28,Sanok ➔ Wrocław,03.10.2026,06:35,Sanok -> Niebylec,50,50,,,50,,50,50,,50,,50,,50,
2026-09-30 12:04:28,Sanok ➔ Wrocław,03.10.2026,10:10,Niebylec -> Rzeszow,43,70,,,70,,70,70,,43,,70,,44,
2026-09-30 12:04:28,Sanok ➔ Wrocław,03.10.2026,23:50,Rzeszow -> Krakow,45,50,,,50,,50,48,,50,,45,,50,
2026-09-30 12:04:28,Wrocław ➔ Sanok,03.10.2026,07:45,Wroclaw -> Gliwice,50,,50,50,,50,,,50,,50,,50,,50
2026-09-30 12:04:28,Wrocław ➔ Sanok,03.10.2026,12:00,Wroclaw -> Gliwice,50,,50,50,,50,,,50,,50,,50,,50
2026-09-30 12:04:28,Wrocław ➔ Sanok,03.10.2026,15:35,Wroclaw -> Gliwice,50,,50,50,,50,,,50,,50,,50,,50
2026-09-30 12:04:28,Wrocław ➔ Sanok,03.10.2026,22:25,Niebylec -> Sanok,0,,36,50,,50,,,34,,0,,50,,70
2026-09-30 12:04:28,Sanok ➔ Wrocław,05.10.2026,03:00,Sanok -> Niebylec,50,50,,,50,,50,50,,50,,50,,50,
2026-09-30 12:04:28,Sanok ➔ Wrocław,05.10.2026,06:35,Sanok -> Niebylec,50,50,,,50,,50,50,,50,,50,,50,
2026-09-30 12:04:28,Sanok ➔ Wrocław,05.10.2026,10:10,Sanok -> Niebylec,50,50,,,50,,50,50,,50,,50,,50,
2026-09-30 12:04:28,Sanok ➔ Wrocław,05.10.2026,23:50,Sanok -> Niebylec,50,70,,,70,,70,70,,50,,70,,50,
2026-09-30 12:04:28,Wrocław ➔ Sanok,05.10.2026,03:40,Niebylec -> Sanok,0,,50,50,,50,,,50,,0,,50,,50
2026-09-30 12:04:28,Wrocław ➔ Sanok,05.10.2026,07:45,Rzeszow -> Niebylec,50,,70,70,,70,,,70,,50,,50,,70
2026-09-30 12:04:28,Wrocław ➔ Sanok,05.10.2026,12:00,Wroclaw -> Gliwice,50,,50,50,,50,,,50,,50,,50,,50
2026-09-30 12:04:28,Wrocław ➔ Sanok,05.10.2026,15:35,Wroclaw -> Gliwice,50,,50,50,,50,,,50,,50,,50,,50
2026-09-30 12:04:28,Wrocław ➔ Sanok,05.10.2026,22:25,Niebylec -> Sanok,0,,70,70,,70,,,70,,0,,50,,50
2026-09-30 12:04:28,Sanok ➔ Wrocław,04.10.2026,03:00,Sanok -> Niebylec,50,50,,,50,,50,50,,50,,50,,50,
2026-09-30 12:04:28,Sanok ➔ Wrocław,04.10.2026,06:35,Sanok -> Niebylec,50,50,,,50,,50,50,,50,,50,,50,
2026-09-30 12:04:28,Sanok ➔ Wrocław,04.10.2026,10:10,Niebylec -> Rzeszow,42,70,,,70,,70,70,,42,,70,,43,
2026-09-30 12:04:28,Sanok ➔ Wrocław,04.10.2026,16:20,Sanok -> Niebylec,47,50,,,50,,50,50,,47,,50,,47,
2026-09-30 12:04:28,Sanok ➔ Wrocław,04.10.2026,23:50,Sanok -> Niebylec,50,70,,,70,,70,50,,50,,50,,50,
2026-09-30 12:04:28,Wrocław ➔ Sanok,04.10.2026,07:45,Rzeszow -> Niebylec,50,,70,70,,70,,,70,,50,,50,,70
2026-09-30 12:04:28,Wrocław ➔ Sanok,04.10.2026,12:00,Krakow -> Rzeszow,49,,50,50,,50,,,49,,50,,50,,50
2026-09-30 12:04:28,Wrocław ➔ Sanok,04.10.2026,15:35,Wroclaw -> Gliwice,50,,50,50,,50,,,50,,50,,50,,50
2026-09-30 12:04:28,Wrocław ➔ Sanok,04.10.2026,22:25,Niebylec -> Sanok,0,,70,70,,70,,,70,,0,,50,,70
2026-09-30 12:04:28,Sanok ➔ Wrocław,06.10.2026,03:00,Sanok -> Niebylec,50,50,,,50,,50,50,,50,,50,,50,
2026-09-30 12:04:28,Sanok ➔ Wrocław,06.10.2026,06:35,Sanok -> Niebylec,50,50,,,50,,50,50,,50,,50,,50,
2026-09-30 12:04:28,Sanok ➔ Wrocław,06.10.2026,10:10,Sanok -> Niebylec,37,70,,,70,,70,70,,37,,70,,37,
2026-09-30 12:04:28,Sanok ➔ Wrocław,06.10.2026,23:50,Sanok -> Niebylec,43,70,,,70,,70,70,,50,,70,,43,
2026-09-30 12:04:28,Wrocław ➔ Sanok,06.10.2026,07:45,Rzeszow -> Niebylec,50,,70,70,,70,,,70,,50,,50,,70
2026-09-30 12:04:28,Wrocław ➔ Sanok,06.10.2026,12:00,Wroclaw -> Gliwice,50,,50,50,,50,,,50,,50,,50,,50
2026-09-30 12:04:28,Wrocław ➔ Sanok,06.10.2026,15:35,Wroclaw -> Gliwice,50,,50,50,,50,,,50,,50,,50,,50
2026-09-30 12:04:28,Wrocław ➔ Sanok,06.10.2026,22:25,Niebylec -> Sanok,0,,50,50,,50,,,50,,0,,50,,70
